[
{
    "model": "catalog.category",
    "pk": 1,
    "fields": {
        "name": "Женское",
        "slug": "женское",
        "parent": null,
        "image": "placeholder.png",
        "featured": false,
        "lft": 1,
        "rght": 38,
        "tree_id": 2,
        "level": 0
    }
},
{
    "model": "catalog.category",
    "pk": 2,
    "fields": {
        "name": "Мужское",
        "slug": "мужское",
        "parent": null,
        "image": "placeholder.png",
        "featured": false,
        "lft": 1,
        "rght": 20,
        "tree_id": 3,
        "level": 0
    }
},
{
    "model": "catalog.category",
    "pk": 3,
    "fields": {
        "name": "Детское",
        "slug": "детское",
        "parent": null,
        "image": "placeholder.png",
        "featured": false,
        "lft": 1,
        "rght": 24,
        "tree_id": 1,
        "level": 0
    }
},
{
    "model": "catalog.category",
    "pk": 4,
    "fields": {
        "name": "Джинсы",
        "slug": "джинсы",
        "parent": 1,
        "image": "placeholder.png",
        "featured": false,
        "lft": 14,
        "rght": 15,
        "tree_id": 2,
        "level": 1
    }
},
{
    "model": "catalog.category",
    "pk": 5,
    "fields": {
        "name": "Футболки, топы",
        "slug": "футболки-топы",
        "parent": 1,
        "image": "placeholder.png",
        "featured": false,
        "lft": 34,
        "rght": 35,
        "tree_id": 2,
        "level": 1
    }
},
{
    "model": "catalog.category",
    "pk": 6,
    "fields": {
        "name": "Верхняя одежда",
        "slug": "верхняя-одежда",
        "parent": 1,
        "image": "placeholder.png",
        "featured": false,
        "lft": 6,
        "rght": 11,
        "tree_id": 2,
        "level": 1
    }
},
{
    "model": "catalog.category",
    "pk": 7,
    "fields": {
        "name": "Платья",
        "slug": "платья",
        "parent": 1,
        "image": "placeholder.png",
        "featured": false,
        "lft": 22,
        "rght": 31,
        "tree_id": 2,
        "level": 1
    }
},
{
    "model": "catalog.category",
    "pk": 8,
    "fields": {
        "name": "Юбки",
        "slug": "юбки",
        "parent": 1,
        "image": "placeholder.png",
        "featured": false,
        "lft": 36,
        "rght": 37,
        "tree_id": 2,
        "level": 1
    }
},
{
    "model": "catalog.category",
    "pk": 9,
    "fields": {
        "name": "Блузки, рубашки",
        "slug": "блузки-рубашки",
        "parent": 1,
        "image": "placeholder.png",
        "featured": false,
        "lft": 2,
        "rght": 3,
        "tree_id": 2,
        "level": 1
    }
},
{
    "model": "catalog.category",
    "pk": 10,
    "fields": {
        "name": "Брюки, шорты",
        "slug": "брюки-шорты",
        "parent": 1,
        "image": "placeholder.png",
        "featured": false,
        "lft": 4,
        "rght": 5,
        "tree_id": 2,
        "level": 1
    }
},
{
    "model": "catalog.category",
    "pk": 11,
    "fields": {
        "name": "Джемпера, туники, кардиганы",
        "slug": "джемпера-туники-кардиганы",
        "parent": 1,
        "image": "placeholder.png",
        "featured": false,
        "lft": 12,
        "rght": 13,
        "tree_id": 2,
        "level": 1
    }
},
{
    "model": "catalog.category",
    "pk": 12,
    "fields": {
        "name": "Костюмы",
        "slug": "костюмы",
        "parent": 1,
        "image": "placeholder.png",
        "featured": false,
        "lft": 20,
        "rght": 21,
        "tree_id": 2,
        "level": 1
    }
},
{
    "model": "catalog.category",
    "pk": 13,
    "fields": {
        "name": "Жакеты",
        "slug": "жакеты",
        "parent": 1,
        "image": "placeholder.png",
        "featured": false,
        "lft": 18,
        "rght": 19,
        "tree_id": 2,
        "level": 1
    }
},
{
    "model": "catalog.category",
    "pk": 14,
    "fields": {
        "name": "Спортивная одежда",
        "slug": "спортивная-одежда",
        "parent": 1,
        "image": "placeholder.png",
        "featured": false,
        "lft": 32,
        "rght": 33,
        "tree_id": 2,
        "level": 1
    }
},
{
    "model": "catalog.category",
    "pk": 15,
    "fields": {
        "name": "Домашнаяя одежда",
        "slug": "домашнаяя-одежда",
        "parent": 1,
        "image": "placeholder.png",
        "featured": false,
        "lft": 16,
        "rght": 17,
        "tree_id": 2,
        "level": 1
    }
},
{
    "model": "catalog.category",
    "pk": 16,
    "fields": {
        "name": "Горнолыжка",
        "slug": "горнолыжка",
        "parent": 6,
        "image": "placeholder.png",
        "featured": false,
        "lft": 7,
        "rght": 8,
        "tree_id": 2,
        "level": 2
    }
},
{
    "model": "catalog.category",
    "pk": 17,
    "fields": {
        "name": "Куртки, ветровки, пальто",
        "slug": "куртки-ветровки-пальто",
        "parent": 6,
        "image": "placeholder.png",
        "featured": false,
        "lft": 9,
        "rght": 10,
        "tree_id": 2,
        "level": 2
    }
},
{
    "model": "catalog.category",
    "pk": 18,
    "fields": {
        "name": "Платья повседневные",
        "slug": "платья-повседневные",
        "parent": 7,
        "image": "placeholder.png",
        "featured": false,
        "lft": 27,
        "rght": 28,
        "tree_id": 2,
        "level": 2
    }
},
{
    "model": "catalog.category",
    "pk": 19,
    "fields": {
        "name": "Платья летние",
        "slug": "платья-летние",
        "parent": 7,
        "image": "placeholder.png",
        "featured": false,
        "lft": 23,
        "rght": 24,
        "tree_id": 2,
        "level": 2
    }
},
{
    "model": "catalog.category",
    "pk": 20,
    "fields": {
        "name": "Платья нарядные",
        "slug": "платья-нарядные",
        "parent": 7,
        "image": "placeholder.png",
        "featured": false,
        "lft": 25,
        "rght": 26,
        "tree_id": 2,
        "level": 2
    }
},
{
    "model": "catalog.category",
    "pk": 21,
    "fields": {
        "name": "Сарафаны",
        "slug": "сарафаны",
        "parent": 7,
        "image": "placeholder.png",
        "featured": false,
        "lft": 29,
        "rght": 30,
        "tree_id": 2,
        "level": 2
    }
},
{
    "model": "catalog.category",
    "pk": 22,
    "fields": {
        "name": "Верхняя одежда",
        "slug": "верхняя-одежда",
        "parent": 2,
        "image": "placeholder.png",
        "featured": false,
        "lft": 4,
        "rght": 7,
        "tree_id": 3,
        "level": 1
    }
},
{
    "model": "catalog.category",
    "pk": 23,
    "fields": {
        "name": "Куртки, бомберы",
        "slug": "куртки-бомберы",
        "parent": 22,
        "image": "placeholder.png",
        "featured": false,
        "lft": 5,
        "rght": 6,
        "tree_id": 3,
        "level": 2
    }
},
{
    "model": "catalog.category",
    "pk": 24,
    "fields": {
        "name": "Джинсы",
        "slug": "джинсы",
        "parent": 2,
        "image": "placeholder.png",
        "featured": false,
        "lft": 10,
        "rght": 11,
        "tree_id": 3,
        "level": 1
    }
},
{
    "model": "catalog.category",
    "pk": 25,
    "fields": {
        "name": "Футболки, майки",
        "slug": "футболки-майки",
        "parent": 2,
        "image": "placeholder.png",
        "featured": false,
        "lft": 18,
        "rght": 19,
        "tree_id": 3,
        "level": 1
    }
},
{
    "model": "catalog.category",
    "pk": 26,
    "fields": {
        "name": "Брюки, шорты",
        "slug": "брюки-шорты",
        "parent": 2,
        "image": "placeholder.png",
        "featured": false,
        "lft": 2,
        "rght": 3,
        "tree_id": 3,
        "level": 1
    }
},
{
    "model": "catalog.category",
    "pk": 27,
    "fields": {
        "name": "Джемпера, кардиганы",
        "slug": "джемпера-кардиганы",
        "parent": 2,
        "image": "placeholder.png",
        "featured": false,
        "lft": 8,
        "rght": 9,
        "tree_id": 3,
        "level": 1
    }
},
{
    "model": "catalog.category",
    "pk": 28,
    "fields": {
        "name": "Домашнаяя одежда",
        "slug": "домашнаяя-одежда",
        "parent": 2,
        "image": "placeholder.png",
        "featured": false,
        "lft": 12,
        "rght": 13,
        "tree_id": 3,
        "level": 1
    }
},
{
    "model": "catalog.category",
    "pk": 29,
    "fields": {
        "name": "Рубашки",
        "slug": "рубашки",
        "parent": 2,
        "image": "placeholder.png",
        "featured": false,
        "lft": 14,
        "rght": 15,
        "tree_id": 3,
        "level": 1
    }
},
{
    "model": "catalog.category",
    "pk": 30,
    "fields": {
        "name": "Спортивная одежда",
        "slug": "спортивная-одежда",
        "parent": 2,
        "image": "placeholder.png",
        "featured": false,
        "lft": 16,
        "rght": 17,
        "tree_id": 3,
        "level": 1
    }
},
{
    "model": "catalog.category",
    "pk": 31,
    "fields": {
        "name": "Аксессуары",
        "slug": "аксессуары",
        "parent": 3,
        "image": "placeholder.png",
        "featured": false,
        "lft": 2,
        "rght": 5,
        "tree_id": 1,
        "level": 1
    }
},
{
    "model": "catalog.category",
    "pk": 32,
    "fields": {
        "name": "Девочки",
        "slug": "девочки",
        "parent": 3,
        "image": "placeholder.png",
        "featured": false,
        "lft": 6,
        "rght": 19,
        "tree_id": 1,
        "level": 1
    }
},
{
    "model": "catalog.category",
    "pk": 33,
    "fields": {
        "name": "Мальчики",
        "slug": "мальчики",
        "parent": 3,
        "image": "placeholder.png",
        "featured": false,
        "lft": 20,
        "rght": 23,
        "tree_id": 1,
        "level": 1
    }
},
{
    "model": "catalog.category",
    "pk": 34,
    "fields": {
        "name": "Шапки",
        "slug": "шапки",
        "parent": 31,
        "image": "placeholder.png",
        "featured": false,
        "lft": 3,
        "rght": 4,
        "tree_id": 1,
        "level": 2
    }
},
{
    "model": "catalog.category",
    "pk": 35,
    "fields": {
        "name": "Верхняя одежда",
        "slug": "верхняя-одежда",
        "parent": 32,
        "image": "placeholder.png",
        "featured": false,
        "lft": 9,
        "rght": 12,
        "tree_id": 1,
        "level": 2
    }
},
{
    "model": "catalog.category",
    "pk": 36,
    "fields": {
        "name": "Куртки, жилеты, бомберы, ветровки",
        "slug": "куртки-жилеты-бомберы-ветровки",
        "parent": 35,
        "image": "placeholder.png",
        "featured": false,
        "lft": 10,
        "rght": 11,
        "tree_id": 1,
        "level": 3
    }
},
{
    "model": "catalog.category",
    "pk": 37,
    "fields": {
        "name": "Костюмы",
        "slug": "костюмы",
        "parent": 32,
        "image": "placeholder.png",
        "featured": false,
        "lft": 15,
        "rght": 16,
        "tree_id": 1,
        "level": 2
    }
},
{
    "model": "catalog.category",
    "pk": 38,
    "fields": {
        "name": "Платья",
        "slug": "платья",
        "parent": 32,
        "image": "placeholder.png",
        "featured": false,
        "lft": 17,
        "rght": 18,
        "tree_id": 1,
        "level": 2
    }
},
{
    "model": "catalog.category",
    "pk": 39,
    "fields": {
        "name": "Джемпера, кардиганы",
        "slug": "джемпера-кардиганы",
        "parent": 32,
        "image": "placeholder.png",
        "featured": false,
        "lft": 13,
        "rght": 14,
        "tree_id": 1,
        "level": 2
    }
},
{
    "model": "catalog.category",
    "pk": 40,
    "fields": {
        "name": "Брюки, юбки, шорты",
        "slug": "брюки-юбки-шорты",
        "parent": 32,
        "image": "placeholder.png",
        "featured": false,
        "lft": 7,
        "rght": 8,
        "tree_id": 1,
        "level": 2
    }
},
{
    "model": "catalog.category",
    "pk": 41,
    "fields": {
        "name": "Костюмы",
        "slug": "костюмы",
        "parent": 33,
        "image": "placeholder.png",
        "featured": false,
        "lft": 21,
        "rght": 22,
        "tree_id": 1,
        "level": 2
    }
},
{
    "model": "catalog.product",
    "pk": 1,
    "fields": {
        "sku": "EwLnGi-66048764",
        "category": 19,
        "name": "Белов Ян Димитриевич",
        "slug": "волк",
        "description": "Рота полюбить передо прошептать витрина висеть даль результат. Жестокий издали механический покидать интеллектуальный народ набор видимо. Сходить потрясти неправда карандаш.\r\nФункция страсть провинция неправда роскошный вздрогнуть посидеть спасть.",
        "price": "7844.03",
        "active": true,
        "thumbnail": "placeholder.png",
        "total_sales": 0,
        "created_at": "2022-07-01T13:37:28.559Z",
        "updated_at": "2022-07-01T13:37:28.559Z"
    }
},
{
    "model": "catalog.product",
    "pk": 2,
    "fields": {
        "sku": "InZMJL-71484185",
        "category": 19,
        "name": "Эдуард Теймуразович Филиппов",
        "slug": "оставить",
        "description": "Пробовать житель мучительно один блин. Сынок бетонный заведение райком.\r\nВитрина слать господь интеллектуальный дьявол космос столетие. Выразить лапа подземный увеличиваться валюта порог.",
        "price": "2498.53",
        "active": true,
        "thumbnail": "placeholder.png",
        "total_sales": 0,
        "created_at": "2022-07-01T13:37:28.925Z",
        "updated_at": "2022-07-01T13:37:28.925Z"
    }
},
{
    "model": "catalog.product",
    "pk": 3,
    "fields": {
        "sku": "YkvBdg-53304135",
        "category": 10,
        "name": "Елена Аскольдовна Зыкова",
        "slug": "угроза",
        "description": "Разнообразный изба академик непривычный невозможно при потянуться один. Пасть танцевать мотоцикл. Выкинуть бак рот столетие.\r\nПриходить лиловый решение решение миг отметить. Медицина миф даль носок. Блин песня что рота славный.",
        "price": "1915.32",
        "active": true,
        "thumbnail": "placeholder.png",
        "total_sales": 0,
        "created_at": "2022-07-01T13:37:29.240Z",
        "updated_at": "2022-07-01T13:37:29.240Z"
    }
},
{
    "model": "catalog.product",
    "pk": 4,
    "fields": {
        "sku": "aERAKG-25841972",
        "category": 20,
        "name": "Колесникова Зоя Владиславовна",
        "slug": "невозможно",
        "description": "Уронить степь мера ягода кожа казнь пища.\r\nЦвет плясать место неожиданно полюбить перебивать. Войти затянуться степь спасть.",
        "price": "4772.75",
        "active": true,
        "thumbnail": "placeholder.png",
        "total_sales": 0,
        "created_at": "2022-07-01T13:37:29.540Z",
        "updated_at": "2022-07-01T13:37:29.540Z"
    }
},
{
    "model": "catalog.product",
    "pk": 5,
    "fields": {
        "sku": "WacFut-14278789",
        "category": 30,
        "name": "Бирюков Павел Геннадиевич",
        "slug": "тесно",
        "description": "Хозяйка освобождение столетие чувство. Приятель июнь один бабочка цель.\r\nУгодный выбирать триста шлем. Даль место дальний господь.",
        "price": "6840.65",
        "active": true,
        "thumbnail": "placeholder.png",
        "total_sales": 0,
        "created_at": "2022-07-01T13:37:30.157Z",
        "updated_at": "2022-07-01T13:37:30.157Z"
    }
},
{
    "model": "catalog.product",
    "pk": 6,
    "fields": {
        "sku": "cVSMPF-00348559",
        "category": 30,
        "name": "Давыдова Синклитикия Вячеславовна",
        "slug": "лететь",
        "description": "Район кольцо зачем возбуждение мимо прощение угол изображать. Светило один юный премьера построить. Освободить назначить изредка ломать бровь.\r\nПокидать грудь девка ленинград некоторый. Возбуждение граница задрать приличный совет оборот фонарик.",
        "price": "9555.89",
        "active": true,
        "thumbnail": "placeholder.png",
        "total_sales": 0,
        "created_at": "2022-07-01T13:37:30.767Z",
        "updated_at": "2022-07-01T13:37:30.767Z"
    }
},
{
    "model": "catalog.product",
    "pk": 7,
    "fields": {
        "sku": "CFYLTR-06016884",
        "category": 14,
        "name": "Модест Гурьевич Осипов",
        "slug": "горький",
        "description": "Вздрогнуть освободить житель место изба господь. Проход дальний запустить опасность печатать.\r\nТабак песенка стакан помимо изучить носок а число. Развернуться князь интеллектуальный столетие тусклый заложить.",
        "price": "3286.25",
        "active": true,
        "thumbnail": "placeholder.png",
        "total_sales": 0,
        "created_at": "2022-07-01T13:37:31.276Z",
        "updated_at": "2022-07-01T13:37:31.276Z"
    }
},
{
    "model": "catalog.product",
    "pk": 8,
    "fields": {
        "sku": "000022-0000021",
        "category": 5,
        "name": "Футболка женская",
        "slug": "футболка-женская",
        "description": "Состав: 95% хлопок, 5% лайкра. Трикотаж. Цвет: сиреневый. Силуэт: Прямой. Рукав: Втачной, спущенное плечо. Горловина: круглая,втачана бейка. Длина:до середины бедра. Параметры модели:ОГ117/ОТ99/ОБ139. Рост модели 178 см. Размер изделия на модели 60. В данном образе используется юбка Б124-59.",
        "price": "1853.00",
        "active": true,
        "thumbnail": "product/2022/07/11/t_luvBgy1.jpg",
        "total_sales": 0,
        "created_at": "2022-07-01T13:37:31.743Z",
        "updated_at": "2022-07-11T10:29:10.357Z"
    }
},
{
    "model": "catalog.product",
    "pk": 9,
    "fields": {
        "sku": "2БРШ21-0000012",
        "category": 4,
        "name": "Джинсы женские",
        "slug": "джинсы-женские-1",
        "description": "Состав: 95% хлопок, 5% лайкра. Ткань: деним с лайкрой. Цвет: синий. Посадка: средняя. Силуэт: прямой. Длина: до щиколотки. Особенности модели: перед с накладными карманами. Спинка с отрезной кокеткой. Пояс притачной,спереди застегивается на пуговицу, по спинке вставлена резина. Параметры модели: ОГ110/ОТ100/ОБ129. Рост модели 176см. Размер модели 60. В данном образе используется блуза Б619-2",
        "price": "2783.00",
        "active": true,
        "thumbnail": "product/2022/07/11/t_QCCYWMW.jpg",
        "total_sales": 0,
        "created_at": "2022-07-01T13:37:32.040Z",
        "updated_at": "2022-07-11T10:23:36.856Z"
    }
},
{
    "model": "catalog.product",
    "pk": 10,
    "fields": {
        "sku": "2БРШ22-00000509",
        "category": 10,
        "name": "Брюки На дефиле (дарк блю)",
        "slug": "брюки-на-дефиле-дарк-блю",
        "description": "Состав\r\nкостюмная ткань (52% п/э, 45% вискоза, 3% спандекс)\r\nТрендовая модель: брюки с подворотами и защипами на талии. Сидят идеально! Добавьте туфли с акцентным каблуком. И носите со белой блузой или пиджаком!\r\n* 44 размер – 93 см\r\n* 46 размер – 94 см\r\n* 48 размер – 95 см\r\n* 50 размер – 96 см\r\n* 52 размер – 97 см\r\n* 54 размер – 98 см",
        "price": "2178.00",
        "active": true,
        "thumbnail": "product/2022/07/11/t_HsJ84Kh.jpeg",
        "total_sales": 0,
        "created_at": "2022-07-01T13:37:32.635Z",
        "updated_at": "2022-07-11T10:12:16.384Z"
    }
},
{
    "model": "catalog.product",
    "pk": 11,
    "fields": {
        "sku": "2ПЛЛ22-00000278",
        "category": 19,
        "name": "Платье Хитрый замысел (изумруд, нью)",
        "slug": "платье-хитрый-замысел-изумруд-нью",
        "description": "Состав\r\nкостюмная ткань «пикачу» (96% п/э, 4% эластан)\r\nКонфетно-букетный период… Да, женщины бы хотели, чтобы он не заканчивался. Поэтому они всегда готовы к свиданию и комплиментам. В этом платье изумрудного цвета вас заметят все. Вау-эффект – то, что вы любите!\r\n* 44 размер – 96 см\r\n* 46 размер – 97 см\r\n* 48 размер – 98 см\r\n* 50 размер – 99 см\r\n* 52 размер – 100 см\r\n* 54 размер – 101 см",
        "price": "2727.00",
        "active": true,
        "thumbnail": "product/2022/07/11/t_f6xdagr.jpeg",
        "total_sales": 0,
        "created_at": "2022-07-01T13:37:33.041Z",
        "updated_at": "2022-07-11T10:07:41.457Z"
    }
},
{
    "model": "catalog.product",
    "pk": 12,
    "fields": {
        "sku": "3КОС21-00000100",
        "category": 32,
        "name": "Костюм Зима 2022 кемел",
        "slug": "костюм-зима-2022-кемел",
        "description": "80% хлопок 20% эластан / 128 / кемел\r\n80% хлопок 20% эластан / 122 / кемел\r\n80% хлопок 20% эластан / 110 / кемел\r\n80% хлопок 20% эластан / 116 / кемел\r\n80% хлопок 20% эластан / 134 / кемел\r\n80% хлопок 20% эластан / 140 / кемел",
        "price": "2581.00",
        "active": true,
        "thumbnail": "product/2022/07/11/t_H6mORF7.jpg",
        "total_sales": 0,
        "created_at": "2022-07-01T13:37:33.554Z",
        "updated_at": "2022-07-11T10:01:22.218Z"
    }
},
{
    "model": "catalog.product",
    "pk": 13,
    "fields": {
        "sku": "000022-00000033",
        "category": 31,
        "name": "Повязка беж К",
        "slug": "повязка-беж-к",
        "description": "95% хлопок 5% эластан / one size / бежевый",
        "price": "148.00",
        "active": true,
        "thumbnail": "product/2022/07/11/t_cijRwPl.jpg",
        "total_sales": 0,
        "created_at": "2022-07-01T13:37:34.057Z",
        "updated_at": "2022-07-11T09:58:45.997Z"
    }
},
{
    "model": "catalog.product",
    "pk": 14,
    "fields": {
        "sku": "000021-0000106",
        "category": 14,
        "name": "Костюм Эдит №3",
        "slug": "костюм-эдит-3",
        "description": "Ткань:\r\n95% хлопок, 5% эластан\r\nголубой\r\nОПИСАНИЕ\r\nКостюм в стиле спорт – шик из трикотажного полотна. Состоит из брюк и свитшота. Брюки с комфортной посадкой на талии, которую обеспечивает эластичный пояс на резинке, по бокам функциональные карманы. Свитшот свободного кроя. Спущенное плечо, втачной рукав оканчивается притачной манжетой. Округлая горловина. Низ ассиметричный, оформлен манжетой и шлица по боковым швам. Идеальный вариант для занятий спортом и отдыха.\r\nРекомендуемая стирка при t не более 30°.\r\nДлина изделия по переду: 42, 44, 46, 48 р – 65 см; 50, 52 р – 66 см\r\nДлина рукава: 42, 44, 46, 48 р – 55 см; 50, 52 р – 56 см\r\nДлина брюк по боковому шву: 42, 44, 46, 48 р – 97 см; 50, 52 р – 98 см\r\nДлина брюк по шаговому шву: 42, 44, 46, 48 р – 71 см; 50, 52 р – 72 см\r\nРост фотомодели: 168 см\r\nРазмер фотомодели: 42\r\nТкань: Турецкий трикотаж футер-двунитка (пенье)",
        "price": "4575.00",
        "active": true,
        "thumbnail": "product/2022/07/11/t_UgN1IiR.jpg",
        "total_sales": 0,
        "created_at": "2022-07-01T13:37:34.432Z",
        "updated_at": "2022-07-11T09:53:09.320Z"
    }
},
{
    "model": "catalog.product",
    "pk": 15,
    "fields": {
        "sku": "2ЖАК22-00000296",
        "category": 13,
        "name": "Кардиган Звездная пыль (серебро)",
        "slug": "кардиган-звездная-пыль-серебро",
        "description": "Состав\r\nтрикотаж «сандра» меланж (80% п/э, 20% вискоза)\r\nЛюбимая модель в новом оттенке. Благородное серебро выгодно оттеняет загар. Фактура ткани навевает мысли об уюте, мягкости, тепле. Получается образ довольной кошечки. Мур!\r\n* 46 размер – 66 см\r\n* 48 размер – 66 см\r\n* 50 размер – 67 см\r\n* 52 размер – 67 см\r\n* 54 размер – 68 см\r\n* 56 размер – 69 см",
        "price": "2471.00",
        "active": true,
        "thumbnail": "product/2022/07/11/t_bwnRnnK.jpeg",
        "total_sales": 0,
        "created_at": "2022-07-01T13:37:34.858Z",
        "updated_at": "2022-07-11T09:44:42.325Z"
    }
},
{
    "model": "catalog.product",
    "pk": 16,
    "fields": {
        "sku": "1РУБ22-00000339",
        "category": 2,
        "name": "Рубашка",
        "slug": "рубашка",
        "description": "Мужская рубашка изготовлена из натуральной легкой, дышащей ткани “Жатка”. Такая ткань имеет красивый внешний, не нуждается в глажке, обеспечит максимальную воздухопроницаемость, прекрасно подойдет для жаркой погоды. Приталенный крой, застегивается на пуговицы, имитация нагрудного кармана.\r\nСостав: 100% – хлопок.\r\nСтрана производитель: КНР.\r\nСезон: Лето.",
        "price": "900.00",
        "active": true,
        "thumbnail": "product/2022/07/11/t_MyhPAtm.jpg",
        "total_sales": 0,
        "created_at": "2022-07-01T13:37:35.401Z",
        "updated_at": "2022-07-11T09:39:17.026Z"
    }
},
{
    "model": "catalog.product",
    "pk": 17,
    "fields": {
        "sku": "000022-00004040",
        "category": 24,
        "name": "Джинсы",
        "slug": "джинсы",
        "description": "Мужские джинсы зауженного кроя с застежкой на молнию и пуговицу. Модель с потёртостями, выполнена из качественного денима, материал с небольшим эффектом эластичности комфортно облегает фигуру, позволяет достичь оптимального комфорта в процессе ношения.\r\nСостав: 98% – хлопок, 2% – спандекс.\r\nСтрана производитель: КНР.\r\nСезон: Демисезон.",
        "price": "1970.00",
        "active": true,
        "thumbnail": "product/2022/07/11/t_KAwzCUQ.jpg",
        "total_sales": 0,
        "created_at": "2022-07-01T13:37:35.981Z",
        "updated_at": "2022-07-11T09:36:31.876Z"
    }
},
{
    "model": "catalog.product",
    "pk": 18,
    "fields": {
        "sku": "2ВРХ22-00000103",
        "category": 6,
        "name": "Плащ женский",
        "slug": "плащ-женский",
        "description": "Состав: 100% хлопок. Ткань: диагональ х/б с пропиткой. Цвет: песочный. Рукав: втачной одношовный длинный. Горловина: круглая,втачан капюшон. Длина: ниже бедра. Силуэт: прямой. Особенности модели: перед с кулисой по линии талии. С накладными карманами с клапанами по бедрам. Застежка центральная на замок-молнию и скрытые в планке кнопки. Изделие на полном подкладе. Параметры модели: ОГ112/ОТ93/ОБ130. Рост модели 178см. Размер модели 58. В данном образе используются блуза Б560-5 и брюки Б616-1.",
        "price": "4403.00",
        "active": true,
        "thumbnail": "product/2022/07/11/t_O4TQd31.jpg",
        "total_sales": 0,
        "created_at": "2022-07-01T13:37:36.431Z",
        "updated_at": "2022-07-11T09:30:01.139Z"
    }
},
{
    "model": "catalog.product",
    "pk": 19,
    "fields": {
        "sku": "2СПО22-0000019",
        "category": 14,
        "name": "Шорты Торри №17",
        "slug": "шорты-торри",
        "description": "Ткань:\r\n95% хлопок, 5% эластан\r\nморская волна\r\nОПИСАНИЕ\r\nУдобные шорты средней длинны из однотонного полотна. Комфортную посадку на талии обеспечивает эластичный пояс на резинке. В боковых швах функциональные карманы. Идеальный вариант для занятий спортом и прогулок.\r\nРекомендуемая стирка при t не более 30°.\r\nДлина изделия по боковому шву: 45 см\r\nРост фотомодели: 168 см\r\nРазмер фотомодели: 42\r\nТкань: Турецкий трикотаж футер-двунитка",
        "price": "1556.00",
        "active": true,
        "thumbnail": "product/2022/07/11/t_jUEQZsz.jpg",
        "total_sales": 0,
        "created_at": "2022-07-01T13:37:36.998Z",
        "updated_at": "2022-07-11T09:16:38.280Z"
    }
},
{
    "model": "catalog.product",
    "pk": 20,
    "fields": {
        "sku": "1ДЖК22-00000018",
        "category": 28,
        "name": "Брюки",
        "slug": "брюки",
        "description": "Чем сохранять написать упорно ложиться. Мусор дыхание рассуждение подземный.\r\nВряд командир тесно обида запретить роса. Прошептать аж один идея танцевать. Анализ оборот назначить низкий плясать необычный.",
        "price": "870.00",
        "active": true,
        "thumbnail": "product/2022/07/11/t_1dUZBZ6.jpg",
        "total_sales": 0,
        "created_at": "2022-07-01T13:37:37.447Z",
        "updated_at": "2022-07-11T09:14:18.790Z"
    }
},
{
    "model": "catalog.product",
    "pk": 21,
    "fields": {
        "sku": "2ВРХ22-0000010",
        "category": 6,
        "name": "Пальто женское",
        "slug": "пальто-женское",
        "description": "ВСЯ ВЕРХНЯЯ ОДЕЖДА, С 01 ФЕВРАЛЯ 2021г, ПОДЛЕЖИТ ОБЯЗАТЕЛЬНОЙ МАРКИРОВКЕ. ПРОСИМ ОБАРАТИТЬ ВНИМАНИЕ! Состав: верх – 100% полиэстер, подклад- 100% полиэстер. Цвет: бордо. Ткань: плащевая, дублированная синтепоном. Рукав: втачной одношовный длиный. Силуэт: прямой. Длина: ниже колена. Вырез горловины: V-образный. Воротник шалевый. Особенности модели: перед-с прорезными карманами с листочкой,застежка смещенная,на молнии. Без подклада. Параметры модели: ОГ114/ОТ96/ОБ130,5. Рост модели 176см. Размер модели 58. В образе используется джемпер НБ036-20 и юбка НБ572-2.",
        "price": "5253.00",
        "active": true,
        "thumbnail": "product/2022/07/11/t_wTyL1hr.jpg",
        "total_sales": 0,
        "created_at": "2022-07-01T13:37:37.964Z",
        "updated_at": "2022-07-11T09:12:14.728Z"
    }
},
{
    "model": "catalog.product",
    "pk": 22,
    "fields": {
        "sku": "3ПЛТ21-00000239",
        "category": 3,
        "name": "Платье Моана PR единороги синий",
        "slug": "платье-моана-pr-единороги-синий",
        "description": "100% хлопок / 98 / синий\r\n100% хлопок / 128 / синий\r\n100% хлопок / 122 / синий\r\n100% хлопок / 104 / синий\r\n100% хлопок / 110 / синий\r\n100% хлопок / 116 / синий\r\nНарядное платье для девочки. Выполнено из натурального хлопка. Рукав-фонарик прекрасно дополняет образ принцессы. Пришивной пояс можно завязать в различных вариация. Отличный вариант для праздника, нового года, детского сада.",
        "price": "463.00",
        "active": true,
        "thumbnail": "product/2022/07/11/t_Kl3lP8h.jpg",
        "total_sales": 0,
        "created_at": "2022-07-01T13:37:38.413Z",
        "updated_at": "2022-07-11T09:09:57.703Z"
    }
},
{
    "model": "catalog.product",
    "pk": 23,
    "fields": {
        "sku": "000022-00000008",
        "category": 4,
        "name": "Джинсы женские",
        "slug": "джинсы-женские",
        "description": "Набор скользить какой падаль пасть приходить. Означать аллея сустав командование художественный.\r\nКомандир соответствие хотеть изба порт. Дремать устройство вытаскивать нервно сохранять роскошный.",
        "price": "3213.00",
        "active": true,
        "thumbnail": "product/2022/07/11/t_RJvYenE.jpg",
        "total_sales": 0,
        "created_at": "2022-07-01T13:37:39.107Z",
        "updated_at": "2022-07-11T09:07:34.416Z"
    }
},
{
    "model": "catalog.product",
    "pk": 24,
    "fields": {
        "sku": "1ФУМ22-0000004",
        "category": 25,
        "name": "Поло",
        "slug": "поло",
        "description": "Поло мужское.\r\nИзготовлено из качественной ткани, добавление небольшого количества лайкры, делает ткань более износоустойчивой, не теряет яркости окраса и хорошо держит форму.\r\nФабричное производство, правильные лекала – комфортная посадка на фигуре, хорошее качество.\r\nСостав: 85 % – хлопок, 15% – лайкра.\r\nСтрана производитель: КНР.\r\nСезон: Лето.",
        "price": "1370.00",
        "active": true,
        "thumbnail": "product/2022/07/11/t_VTIIgxY.jpg",
        "total_sales": 0,
        "created_at": "2022-07-01T13:37:39.598Z",
        "updated_at": "2022-07-11T09:05:15.380Z"
    }
},
{
    "model": "catalog.product",
    "pk": 25,
    "fields": {
        "sku": "2ВРХ22-00000107",
        "category": 17,
        "name": "Тренч женский",
        "slug": "тренч-женский",
        "description": "ВСЯ ВЕРХНЯЯ ОДЕЖДА, С 01 ФЕВРАЛЯ 2021г, ПОДЛЕЖИТ ОБЯЗАТЕЛЬНОЙ МАРКИРОВКЕ. ПРОСИМ ОБРАТИТЬ ВНИМАНИЕ! Состав: 77% полиэстер, 23% вискоза.Ткань:плащевка двуслойная. Цвет: электрик. Рукав: Длинный/Реглан. Воротник:Воротник отложной с отрезной стойкой и широкими лацканами.Силуэт: Прямой. Длина изделия: Ниже колена. Особенности модели:Перед с обтачными карманами в рельефных швах, с центральной двубортной застежкой. Спинка с отлетной кокеткой. Съемный пояс в комплекте. Изделие на подкладе. Параметры модели: ОГ106/ОТ89/ОБ124. Рост модели 170 см. Размер изделия на модели 56. В данном образе используется платье Б641-5.",
        "price": "6103.00",
        "active": true,
        "thumbnail": "product/2022/07/11/t_AVrR3RP.jpg",
        "total_sales": 0,
        "created_at": "2022-07-01T13:37:40.216Z",
        "updated_at": "2022-07-11T09:02:54.150Z"
    }
},
{
    "model": "catalog.product",
    "pk": 26,
    "fields": {
        "sku": "2ПЛП22-00001568",
        "category": 20,
        "name": "Платье Дева №2",
        "slug": "платье-дева-2",
        "description": "Ткань:\r\n65% вискоза, 30% полиэстер, 5% эластан\r\nбелый/голубой\r\nОПИСАНИЕ\r\nУдобное платье прилегающего силуэта из трикотажного полотна с цветочным принтом. Втачные короткие рукава оформлены «крылышками». Круглая горловина на внутренней обтачке. В среднем шве спинки расположена потайная застежка на молнию. Низ ровный, сзади разрез.\r\nИтальянский принт.\r\nПринт купонный – расположение рисунка может меняться.\r\nДлина изделия: 42,44,46р – 87см; 50,52р – 91см\r\nРост фотомодели: 170 см\r\nРазмер фотомодели: 42\r\nТкань: трикотаж",
        "price": "8571.65",
        "active": true,
        "thumbnail": "product/2022/07/11/t_6tLeWVn.jpg",
        "total_sales": 0,
        "created_at": "2022-07-01T13:37:40.725Z",
        "updated_at": "2022-07-11T09:00:15.576Z"
    }
},
{
    "model": "catalog.product",
    "pk": 27,
    "fields": {
        "sku": "2ПЛП22-00002078",
        "category": 7,
        "name": "Платье Любовь №6",
        "slug": "платье-любовь-6",
        "description": "Ткань:\r\n50% вискоза, 40% полиэстер, 10% ангора\r\nбордовый/зеленый\r\nОПИСАНИЕ\r\nКомфортное платье прямого силуэта из мягкого трикотажа “Ангора” с цветочным принтом. Круглая горловина на внутренней обтачке. В боковых швах расположены функциональные карманы. Втачной рукав 3/4. Модель отрезная выше линии талии. Юбка оформлена одним рядом оборок. Модель без застежки. Низ ровный, без разрезов.\r\nДлина изделия: 102 см\r\nДлина рукава: 39 см\r\nРост фотомодели: 173 см\r\nРазмер фотомодели: 48\r\nТкань: Трикотаж “Ангора”",
        "price": "2471.00",
        "active": true,
        "thumbnail": "product/2022/07/11/t_V7Ij1ij.jpg",
        "total_sales": 0,
        "created_at": "2022-07-01T13:37:41.332Z",
        "updated_at": "2022-07-11T08:56:40.141Z"
    }
},
{
    "model": "catalog.product",
    "pk": 28,
    "fields": {
        "sku": "000022-00002169",
        "category": 13,
        "name": "ЖАКЕТ (522-5)",
        "slug": "жакет-522-5",
        "description": "",
        "price": "3960.00",
        "active": true,
        "thumbnail": "product/2022/07/11/t_ZntBpuK.jpg",
        "total_sales": 0,
        "created_at": "2022-07-01T13:37:41.690Z",
        "updated_at": "2022-07-11T08:53:53.281Z"
    }
},
{
    "model": "catalog.product",
    "pk": 29,
    "fields": {
        "sku": "2ЮБК21-0000004",
        "category": 8,
        "name": "ЮБКА СИЯЙ! (ГРИН)",
        "slug": "мимо",
        "description": "Страсть выкинуть район художественный сынок. Витрина руководитель деловой ночь разнообразный. Эффект зима понятный равнодушный командующий находить.\r\nПолюбить уничтожение появление войти что премьера командир. Доставать невозможно грустный прощение правильный сравнение. Поздравлять добиться правление казнь.",
        "price": "2361.00",
        "active": true,
        "thumbnail": "product/2022/07/11/t.jpeg",
        "total_sales": 0,
        "created_at": "2022-07-01T13:37:41.989Z",
        "updated_at": "2022-07-11T08:49:59.905Z"
    }
},
{
    "model": "catalog.product",
    "pk": 30,
    "fields": {
        "sku": "AeIloo-93173089",
        "category": 8,
        "name": "Юбка Сивилья №1",
        "slug": "юбка-сивилья-1",
        "description": "Ткань:\r\n95% полиэстер, 5% эластан\r\nбежевый/цветы\r\nОПИСАНИЕ\r\nСтильная юбка расклешенного силуэта из плательной ткани. Модель с комфортной посадкой на талии. В боковом шве – застежка на молнию, без подклада.\r\nОбращаем Ваше внимание – расположение рисунка может меняться.\r\nЮбка представлена с топом Иветт №6\r\nРекомендуемая стирка при t не более 30°.\r\nДлина изделия: 77 см\r\nРост фотомодели: 168 см\r\nРазмер фотомодели: 42\r\nТкань: Плательная",
        "price": "1812.00",
        "active": true,
        "thumbnail": "product/2022/07/11/t.jpg",
        "total_sales": 0,
        "created_at": "2022-07-01T13:37:42.364Z",
        "updated_at": "2022-07-11T08:47:53.798Z"
    }
},
{
    "model": "catalog.productimage",
    "pk": 1,
    "fields": {
        "product": 30,
        "file": "product_image/2022/07/11/1.jpg"
    }
},
{
    "model": "catalog.productimage",
    "pk": 2,
    "fields": {
        "product": 30,
        "file": "product_image/2022/07/11/2.jpg"
    }
},
{
    "model": "catalog.productimage",
    "pk": 3,
    "fields": {
        "product": 30,
        "file": "product_image/2022/07/11/3.jpg"
    }
},
{
    "model": "catalog.productimage",
    "pk": 4,
    "fields": {
        "product": 29,
        "file": "product_image/2022/07/11/1.jpeg"
    }
},
{
    "model": "catalog.productimage",
    "pk": 5,
    "fields": {
        "product": 29,
        "file": "product_image/2022/07/11/2.jpeg"
    }
},
{
    "model": "catalog.productimage",
    "pk": 6,
    "fields": {
        "product": 29,
        "file": "product_image/2022/07/11/3.jpeg"
    }
},
{
    "model": "catalog.productimage",
    "pk": 7,
    "fields": {
        "product": 29,
        "file": "product_image/2022/07/11/4.jpeg"
    }
},
{
    "model": "catalog.productimage",
    "pk": 8,
    "fields": {
        "product": 29,
        "file": "product_image/2022/07/11/5.jpeg"
    }
},
{
    "model": "catalog.productimage",
    "pk": 9,
    "fields": {
        "product": 28,
        "file": "product_image/2022/07/11/1_B34zEcb.jpg"
    }
},
{
    "model": "catalog.productimage",
    "pk": 10,
    "fields": {
        "product": 28,
        "file": "product_image/2022/07/11/2_QoGmPzZ.jpg"
    }
},
{
    "model": "catalog.productimage",
    "pk": 11,
    "fields": {
        "product": 28,
        "file": "product_image/2022/07/11/3_R3HZEMs.jpg"
    }
},
{
    "model": "catalog.productimage",
    "pk": 12,
    "fields": {
        "product": 28,
        "file": "product_image/2022/07/11/4.jpg"
    }
},
{
    "model": "catalog.productimage",
    "pk": 13,
    "fields": {
        "product": 28,
        "file": "product_image/2022/07/11/5.jpg"
    }
},
{
    "model": "catalog.productimage",
    "pk": 14,
    "fields": {
        "product": 27,
        "file": "product_image/2022/07/11/1_JDRjXLF.jpg"
    }
},
{
    "model": "catalog.productimage",
    "pk": 15,
    "fields": {
        "product": 27,
        "file": "product_image/2022/07/11/2_LycovnX.jpg"
    }
},
{
    "model": "catalog.productimage",
    "pk": 16,
    "fields": {
        "product": 27,
        "file": "product_image/2022/07/11/3_8ELejxx.jpg"
    }
},
{
    "model": "catalog.productimage",
    "pk": 17,
    "fields": {
        "product": 27,
        "file": "product_image/2022/07/11/4_THbCeSR.jpg"
    }
},
{
    "model": "catalog.productimage",
    "pk": 18,
    "fields": {
        "product": 26,
        "file": "product_image/2022/07/11/1_5Ooi0Ia.jpg"
    }
},
{
    "model": "catalog.productimage",
    "pk": 19,
    "fields": {
        "product": 26,
        "file": "product_image/2022/07/11/2_xUzufsT.jpg"
    }
},
{
    "model": "catalog.productimage",
    "pk": 20,
    "fields": {
        "product": 26,
        "file": "product_image/2022/07/11/3_Cb6TZux.jpg"
    }
},
{
    "model": "catalog.productimage",
    "pk": 21,
    "fields": {
        "product": 26,
        "file": "product_image/2022/07/11/4_obRvOVA.jpg"
    }
},
{
    "model": "catalog.productimage",
    "pk": 22,
    "fields": {
        "product": 26,
        "file": "product_image/2022/07/11/5_FzlaoOm.jpg"
    }
},
{
    "model": "catalog.productimage",
    "pk": 23,
    "fields": {
        "product": 25,
        "file": "product_image/2022/07/11/1_PvvLPf6.jpg"
    }
},
{
    "model": "catalog.productimage",
    "pk": 24,
    "fields": {
        "product": 25,
        "file": "product_image/2022/07/11/2_AZTUI68.jpg"
    }
},
{
    "model": "catalog.productimage",
    "pk": 25,
    "fields": {
        "product": 25,
        "file": "product_image/2022/07/11/3_ehO9XIV.jpg"
    }
},
{
    "model": "catalog.productimage",
    "pk": 26,
    "fields": {
        "product": 25,
        "file": "product_image/2022/07/11/4_VQfnCE7.jpg"
    }
},
{
    "model": "catalog.productimage",
    "pk": 27,
    "fields": {
        "product": 25,
        "file": "product_image/2022/07/11/5_gRcPcCN.jpg"
    }
},
{
    "model": "catalog.productimage",
    "pk": 28,
    "fields": {
        "product": 24,
        "file": "product_image/2022/07/11/1_IkQNkB0.jpg"
    }
},
{
    "model": "catalog.productimage",
    "pk": 29,
    "fields": {
        "product": 24,
        "file": "product_image/2022/07/11/2_Kmrwgz3.jpg"
    }
},
{
    "model": "catalog.productimage",
    "pk": 30,
    "fields": {
        "product": 24,
        "file": "product_image/2022/07/11/3_AhuWgtH.jpg"
    }
},
{
    "model": "catalog.productimage",
    "pk": 31,
    "fields": {
        "product": 24,
        "file": "product_image/2022/07/11/4_1OXhwgP.jpg"
    }
},
{
    "model": "catalog.productimage",
    "pk": 32,
    "fields": {
        "product": 24,
        "file": "product_image/2022/07/11/5_djTc8W3.jpg"
    }
},
{
    "model": "catalog.productimage",
    "pk": 33,
    "fields": {
        "product": 23,
        "file": "product_image/2022/07/11/1_8I2O1N0.jpg"
    }
},
{
    "model": "catalog.productimage",
    "pk": 34,
    "fields": {
        "product": 23,
        "file": "product_image/2022/07/11/2_IbyUj1y.jpg"
    }
},
{
    "model": "catalog.productimage",
    "pk": 35,
    "fields": {
        "product": 23,
        "file": "product_image/2022/07/11/3_mb464ui.jpg"
    }
},
{
    "model": "catalog.productimage",
    "pk": 36,
    "fields": {
        "product": 23,
        "file": "product_image/2022/07/11/4_cBAZetT.jpg"
    }
},
{
    "model": "catalog.productimage",
    "pk": 37,
    "fields": {
        "product": 23,
        "file": "product_image/2022/07/11/5_rEnw4wg.jpg"
    }
},
{
    "model": "catalog.productimage",
    "pk": 38,
    "fields": {
        "product": 22,
        "file": "product_image/2022/07/11/1_WUNAG33.jpg"
    }
},
{
    "model": "catalog.productimage",
    "pk": 39,
    "fields": {
        "product": 22,
        "file": "product_image/2022/07/11/2_Gom86ZX.jpg"
    }
},
{
    "model": "catalog.productimage",
    "pk": 40,
    "fields": {
        "product": 22,
        "file": "product_image/2022/07/11/3_5kt8OVR.jpg"
    }
},
{
    "model": "catalog.productimage",
    "pk": 41,
    "fields": {
        "product": 22,
        "file": "product_image/2022/07/11/4_aZ985yM.jpg"
    }
},
{
    "model": "catalog.productimage",
    "pk": 42,
    "fields": {
        "product": 22,
        "file": "product_image/2022/07/11/5_VNaOBoK.jpg"
    }
},
{
    "model": "catalog.productimage",
    "pk": 43,
    "fields": {
        "product": 21,
        "file": "product_image/2022/07/11/1_W3qDKxG.jpg"
    }
},
{
    "model": "catalog.productimage",
    "pk": 44,
    "fields": {
        "product": 21,
        "file": "product_image/2022/07/11/2_tFiFRog.jpg"
    }
},
{
    "model": "catalog.productimage",
    "pk": 45,
    "fields": {
        "product": 21,
        "file": "product_image/2022/07/11/3_i8QeO9x.jpg"
    }
},
{
    "model": "catalog.productimage",
    "pk": 46,
    "fields": {
        "product": 21,
        "file": "product_image/2022/07/11/4_G8MzLRT.jpg"
    }
},
{
    "model": "catalog.productimage",
    "pk": 47,
    "fields": {
        "product": 21,
        "file": "product_image/2022/07/11/5_isxzVsJ.jpg"
    }
},
{
    "model": "catalog.productimage",
    "pk": 48,
    "fields": {
        "product": 20,
        "file": "product_image/2022/07/11/1_wKl7ilQ.jpg"
    }
},
{
    "model": "catalog.productimage",
    "pk": 49,
    "fields": {
        "product": 20,
        "file": "product_image/2022/07/11/2_4hMdFCc.jpg"
    }
},
{
    "model": "catalog.productimage",
    "pk": 50,
    "fields": {
        "product": 20,
        "file": "product_image/2022/07/11/3_t9F4R7K.jpg"
    }
},
{
    "model": "catalog.productimage",
    "pk": 51,
    "fields": {
        "product": 20,
        "file": "product_image/2022/07/11/4_pUVbk4L.jpg"
    }
},
{
    "model": "catalog.productimage",
    "pk": 52,
    "fields": {
        "product": 20,
        "file": "product_image/2022/07/11/5_TlNAvEt.jpg"
    }
},
{
    "model": "catalog.productimage",
    "pk": 53,
    "fields": {
        "product": 19,
        "file": "product_image/2022/07/11/1_LMxpNdP.jpg"
    }
},
{
    "model": "catalog.productimage",
    "pk": 54,
    "fields": {
        "product": 19,
        "file": "product_image/2022/07/11/2_ofWYUrr.jpg"
    }
},
{
    "model": "catalog.productimage",
    "pk": 55,
    "fields": {
        "product": 19,
        "file": "product_image/2022/07/11/3_NgYumqp.jpg"
    }
},
{
    "model": "catalog.productimage",
    "pk": 56,
    "fields": {
        "product": 19,
        "file": "product_image/2022/07/11/4_dHFlZpG.jpg"
    }
},
{
    "model": "catalog.productimage",
    "pk": 57,
    "fields": {
        "product": 19,
        "file": "product_image/2022/07/11/5_ukxLNCv.jpg"
    }
},
{
    "model": "catalog.productimage",
    "pk": 58,
    "fields": {
        "product": 18,
        "file": "product_image/2022/07/11/1_lyFXQBb.jpg"
    }
},
{
    "model": "catalog.productimage",
    "pk": 59,
    "fields": {
        "product": 18,
        "file": "product_image/2022/07/11/2_OCMaxR5.jpg"
    }
},
{
    "model": "catalog.productimage",
    "pk": 60,
    "fields": {
        "product": 18,
        "file": "product_image/2022/07/11/3_wuxvokU.jpg"
    }
},
{
    "model": "catalog.productimage",
    "pk": 61,
    "fields": {
        "product": 18,
        "file": "product_image/2022/07/11/4_ygx8uzh.jpg"
    }
},
{
    "model": "catalog.productimage",
    "pk": 62,
    "fields": {
        "product": 18,
        "file": "product_image/2022/07/11/5_bZ40eMb.jpg"
    }
},
{
    "model": "catalog.productimage",
    "pk": 63,
    "fields": {
        "product": 17,
        "file": "product_image/2022/07/11/1_3ZCl4eP.jpg"
    }
},
{
    "model": "catalog.productimage",
    "pk": 64,
    "fields": {
        "product": 17,
        "file": "product_image/2022/07/11/2_r1eBYwe.jpg"
    }
},
{
    "model": "catalog.productimage",
    "pk": 65,
    "fields": {
        "product": 17,
        "file": "product_image/2022/07/11/3_fRxj3VH.jpg"
    }
},
{
    "model": "catalog.productimage",
    "pk": 66,
    "fields": {
        "product": 17,
        "file": "product_image/2022/07/11/4_DOzcGRW.jpg"
    }
},
{
    "model": "catalog.productimage",
    "pk": 67,
    "fields": {
        "product": 17,
        "file": "product_image/2022/07/11/5_jZkWv5m.jpg"
    }
},
{
    "model": "catalog.productimage",
    "pk": 68,
    "fields": {
        "product": 16,
        "file": "product_image/2022/07/11/1_74JETtk.jpg"
    }
},
{
    "model": "catalog.productimage",
    "pk": 69,
    "fields": {
        "product": 16,
        "file": "product_image/2022/07/11/2_Dbj745o.jpg"
    }
},
{
    "model": "catalog.productimage",
    "pk": 70,
    "fields": {
        "product": 16,
        "file": "product_image/2022/07/11/3_X047G62.jpg"
    }
},
{
    "model": "catalog.productimage",
    "pk": 71,
    "fields": {
        "product": 16,
        "file": "product_image/2022/07/11/4_m5rH6TP.jpg"
    }
},
{
    "model": "catalog.productimage",
    "pk": 72,
    "fields": {
        "product": 16,
        "file": "product_image/2022/07/11/5_x8rhWde.jpg"
    }
},
{
    "model": "catalog.productimage",
    "pk": 73,
    "fields": {
        "product": 15,
        "file": "product_image/2022/07/11/1_wCVOpAf.jpeg"
    }
},
{
    "model": "catalog.productimage",
    "pk": 74,
    "fields": {
        "product": 15,
        "file": "product_image/2022/07/11/2_ZES0gia.jpeg"
    }
},
{
    "model": "catalog.productimage",
    "pk": 75,
    "fields": {
        "product": 15,
        "file": "product_image/2022/07/11/3_nsbQl9z.jpeg"
    }
},
{
    "model": "catalog.productimage",
    "pk": 76,
    "fields": {
        "product": 15,
        "file": "product_image/2022/07/11/4_iiJPkrs.jpeg"
    }
},
{
    "model": "catalog.productimage",
    "pk": 77,
    "fields": {
        "product": 15,
        "file": "product_image/2022/07/11/5_3fPG6dO.jpeg"
    }
},
{
    "model": "catalog.productimage",
    "pk": 78,
    "fields": {
        "product": 14,
        "file": "product_image/2022/07/11/1_0VDq836.jpg"
    }
},
{
    "model": "catalog.productimage",
    "pk": 79,
    "fields": {
        "product": 14,
        "file": "product_image/2022/07/11/2_Uz5r6DL.jpg"
    }
},
{
    "model": "catalog.productimage",
    "pk": 80,
    "fields": {
        "product": 14,
        "file": "product_image/2022/07/11/3_HUTImOW.jpg"
    }
},
{
    "model": "catalog.productimage",
    "pk": 81,
    "fields": {
        "product": 14,
        "file": "product_image/2022/07/11/4_u3tiNjl.jpg"
    }
},
{
    "model": "catalog.productimage",
    "pk": 82,
    "fields": {
        "product": 14,
        "file": "product_image/2022/07/11/5_Gx5IpOt.jpg"
    }
},
{
    "model": "catalog.productimage",
    "pk": 83,
    "fields": {
        "product": 13,
        "file": "product_image/2022/07/11/1_ok2nsuG.jpg"
    }
},
{
    "model": "catalog.productimage",
    "pk": 84,
    "fields": {
        "product": 13,
        "file": "product_image/2022/07/11/2_OCEXbz7.jpg"
    }
},
{
    "model": "catalog.productimage",
    "pk": 85,
    "fields": {
        "product": 12,
        "file": "product_image/2022/07/11/1_zoFBTp3.jpg"
    }
},
{
    "model": "catalog.productimage",
    "pk": 86,
    "fields": {
        "product": 12,
        "file": "product_image/2022/07/11/2_A3WH6gn.jpg"
    }
},
{
    "model": "catalog.productimage",
    "pk": 87,
    "fields": {
        "product": 12,
        "file": "product_image/2022/07/11/3_pEz0HZD.jpg"
    }
},
{
    "model": "catalog.productimage",
    "pk": 88,
    "fields": {
        "product": 12,
        "file": "product_image/2022/07/11/4_HG2qFgJ.jpg"
    }
},
{
    "model": "catalog.productimage",
    "pk": 89,
    "fields": {
        "product": 12,
        "file": "product_image/2022/07/11/5_qwRR2ye.jpg"
    }
},
{
    "model": "catalog.productimage",
    "pk": 90,
    "fields": {
        "product": 11,
        "file": "product_image/2022/07/11/1_Gm8E5fO.jpeg"
    }
},
{
    "model": "catalog.productimage",
    "pk": 91,
    "fields": {
        "product": 11,
        "file": "product_image/2022/07/11/2_uURmBq0.jpeg"
    }
},
{
    "model": "catalog.productimage",
    "pk": 92,
    "fields": {
        "product": 11,
        "file": "product_image/2022/07/11/3_aZKg3KY.jpeg"
    }
},
{
    "model": "catalog.productimage",
    "pk": 93,
    "fields": {
        "product": 11,
        "file": "product_image/2022/07/11/4_HefTDjN.jpeg"
    }
},
{
    "model": "catalog.productimage",
    "pk": 94,
    "fields": {
        "product": 11,
        "file": "product_image/2022/07/11/5_Bn5HOw0.jpeg"
    }
},
{
    "model": "catalog.productimage",
    "pk": 95,
    "fields": {
        "product": 10,
        "file": "product_image/2022/07/11/1_dvafwoe.jpeg"
    }
},
{
    "model": "catalog.productimage",
    "pk": 96,
    "fields": {
        "product": 10,
        "file": "product_image/2022/07/11/2_ZiOYUSd.jpeg"
    }
},
{
    "model": "catalog.productimage",
    "pk": 97,
    "fields": {
        "product": 10,
        "file": "product_image/2022/07/11/3_7F29PdG.jpeg"
    }
},
{
    "model": "catalog.productimage",
    "pk": 98,
    "fields": {
        "product": 10,
        "file": "product_image/2022/07/11/4_Z5hRZPX.jpeg"
    }
},
{
    "model": "catalog.productimage",
    "pk": 99,
    "fields": {
        "product": 10,
        "file": "product_image/2022/07/11/5_Wn4TerX.jpeg"
    }
},
{
    "model": "catalog.productimage",
    "pk": 100,
    "fields": {
        "product": 9,
        "file": "product_image/2022/07/11/1_uKVcXr8.jpg"
    }
},
{
    "model": "catalog.productimage",
    "pk": 101,
    "fields": {
        "product": 9,
        "file": "product_image/2022/07/11/2_A285olK.jpg"
    }
},
{
    "model": "catalog.productimage",
    "pk": 102,
    "fields": {
        "product": 9,
        "file": "product_image/2022/07/11/3_lmo0Fyw.jpg"
    }
},
{
    "model": "catalog.productimage",
    "pk": 103,
    "fields": {
        "product": 9,
        "file": "product_image/2022/07/11/4_JRbIRXC.jpg"
    }
},
{
    "model": "catalog.productimage",
    "pk": 104,
    "fields": {
        "product": 9,
        "file": "product_image/2022/07/11/5_3zA1VRU.jpg"
    }
},
{
    "model": "catalog.productimage",
    "pk": 105,
    "fields": {
        "product": 9,
        "file": "product_image/2022/07/11/6.jpg"
    }
},
{
    "model": "catalog.productimage",
    "pk": 106,
    "fields": {
        "product": 9,
        "file": "product_image/2022/07/11/7.jpg"
    }
},
{
    "model": "catalog.productimage",
    "pk": 107,
    "fields": {
        "product": 9,
        "file": "product_image/2022/07/11/8.jpg"
    }
},
{
    "model": "catalog.productimage",
    "pk": 108,
    "fields": {
        "product": 8,
        "file": "product_image/2022/07/11/9a780f47fe9911eca358ac1f6b73e4f3_9a780f48fe9911eca358ac1f6b73e4_ysca5I0.jpg"
    }
},
{
    "model": "catalog.productimage",
    "pk": 109,
    "fields": {
        "product": 8,
        "file": "product_image/2022/07/11/2_oxnFC8S.jpg"
    }
},
{
    "model": "catalog.productimage",
    "pk": 110,
    "fields": {
        "product": 8,
        "file": "product_image/2022/07/11/3_72Z4Q37.jpg"
    }
},
{
    "model": "catalog.productimage",
    "pk": 111,
    "fields": {
        "product": 8,
        "file": "product_image/2022/07/11/4_3yomH8f.jpg"
    }
},
{
    "model": "catalog.productimage",
    "pk": 112,
    "fields": {
        "product": 8,
        "file": "product_image/2022/07/11/5_5Jhy9L1.jpg"
    }
},
{
    "model": "catalog.size",
    "pk": 1,
    "fields": {
        "value": "96",
        "order": 0
    }
},
{
    "model": "catalog.size",
    "pk": 2,
    "fields": {
        "value": "86",
        "order": 0
    }
},
{
    "model": "catalog.size",
    "pk": 3,
    "fields": {
        "value": "64",
        "order": 0
    }
},
{
    "model": "catalog.size",
    "pk": 4,
    "fields": {
        "value": "50",
        "order": 0
    }
},
{
    "model": "catalog.size",
    "pk": 5,
    "fields": {
        "value": "46",
        "order": 0
    }
},
{
    "model": "catalog.size",
    "pk": 6,
    "fields": {
        "value": "78",
        "order": 0
    }
},
{
    "model": "catalog.size",
    "pk": 7,
    "fields": {
        "value": "90",
        "order": 0
    }
},
{
    "model": "catalog.size",
    "pk": 8,
    "fields": {
        "value": "48",
        "order": 0
    }
},
{
    "model": "catalog.size",
    "pk": 9,
    "fields": {
        "value": "56",
        "order": 0
    }
},
{
    "model": "catalog.size",
    "pk": 10,
    "fields": {
        "value": "80",
        "order": 0
    }
},
{
    "model": "catalog.size",
    "pk": 11,
    "fields": {
        "value": "76",
        "order": 0
    }
},
{
    "model": "catalog.size",
    "pk": 12,
    "fields": {
        "value": "92",
        "order": 0
    }
},
{
    "model": "catalog.size",
    "pk": 13,
    "fields": {
        "value": "66",
        "order": 0
    }
},
{
    "model": "catalog.size",
    "pk": 14,
    "fields": {
        "value": "100",
        "order": 0
    }
},
{
    "model": "catalog.size",
    "pk": 15,
    "fields": {
        "value": "88",
        "order": 0
    }
},
{
    "model": "catalog.color",
    "pk": 1,
    "fields": {
        "value": "#63db02"
    }
},
{
    "model": "catalog.color",
    "pk": 2,
    "fields": {
        "value": "#e85165"
    }
},
{
    "model": "catalog.color",
    "pk": 3,
    "fields": {
        "value": "#c9f4ff"
    }
},
{
    "model": "catalog.color",
    "pk": 4,
    "fields": {
        "value": "#48f2cd"
    }
},
{
    "model": "catalog.color",
    "pk": 5,
    "fields": {
        "value": "#dfef94"
    }
},
{
    "model": "catalog.color",
    "pk": 6,
    "fields": {
        "value": "#e5aa90"
    }
},
{
    "model": "catalog.color",
    "pk": 7,
    "fields": {
        "value": "#62dbc7"
    }
},
{
    "model": "catalog.color",
    "pk": 8,
    "fields": {
        "value": "#8763ff"
    }
},
{
    "model": "catalog.color",
    "pk": 9,
    "fields": {
        "value": "#c2d62c"
    }
},
{
    "model": "catalog.color",
    "pk": 10,
    "fields": {
        "value": "#e5f28e"
    }
},
{
    "model": "catalog.variation",
    "pk": 1,
    "fields": {
        "product": 1,
        "size": 3,
        "color": 9
    }
},
{
    "model": "catalog.variation",
    "pk": 2,
    "fields": {
        "product": 1,
        "size": 8,
        "color": 2
    }
},
{
    "model": "catalog.variation",
    "pk": 3,
    "fields": {
        "product": 1,
        "size": 2,
        "color": 6
    }
},
{
    "model": "catalog.variation",
    "pk": 4,
    "fields": {
        "product": 1,
        "size": 15,
        "color": 9
    }
},
{
    "model": "catalog.variation",
    "pk": 5,
    "fields": {
        "product": 2,
        "size": 2,
        "color": 6
    }
},
{
    "model": "catalog.variation",
    "pk": 6,
    "fields": {
        "product": 2,
        "size": 10,
        "color": 2
    }
},
{
    "model": "catalog.variation",
    "pk": 7,
    "fields": {
        "product": 2,
        "size": 8,
        "color": 10
    }
},
{
    "model": "catalog.variation",
    "pk": 8,
    "fields": {
        "product": 3,
        "size": 12,
        "color": 4
    }
},
{
    "model": "catalog.variation",
    "pk": 9,
    "fields": {
        "product": 3,
        "size": 13,
        "color": 1
    }
},
{
    "model": "catalog.variation",
    "pk": 10,
    "fields": {
        "product": 3,
        "size": 13,
        "color": 3
    }
},
{
    "model": "catalog.variation",
    "pk": 11,
    "fields": {
        "product": 4,
        "size": 11,
        "color": 8
    }
},
{
    "model": "catalog.variation",
    "pk": 12,
    "fields": {
        "product": 4,
        "size": 7,
        "color": 10
    }
},
{
    "model": "catalog.variation",
    "pk": 13,
    "fields": {
        "product": 4,
        "size": 14,
        "color": 7
    }
},
{
    "model": "catalog.variation",
    "pk": 14,
    "fields": {
        "product": 4,
        "size": 1,
        "color": 7
    }
},
{
    "model": "catalog.variation",
    "pk": 15,
    "fields": {
        "product": 4,
        "size": 14,
        "color": 10
    }
},
{
    "model": "catalog.variation",
    "pk": 16,
    "fields": {
        "product": 4,
        "size": 7,
        "color": 1
    }
},
{
    "model": "catalog.variation",
    "pk": 17,
    "fields": {
        "product": 4,
        "size": 3,
        "color": 8
    }
},
{
    "model": "catalog.variation",
    "pk": 18,
    "fields": {
        "product": 5,
        "size": 5,
        "color": 8
    }
},
{
    "model": "catalog.variation",
    "pk": 19,
    "fields": {
        "product": 5,
        "size": 13,
        "color": 2
    }
},
{
    "model": "catalog.variation",
    "pk": 20,
    "fields": {
        "product": 5,
        "size": 14,
        "color": 5
    }
},
{
    "model": "catalog.variation",
    "pk": 21,
    "fields": {
        "product": 5,
        "size": 3,
        "color": 9
    }
},
{
    "model": "catalog.variation",
    "pk": 22,
    "fields": {
        "product": 5,
        "size": 14,
        "color": 6
    }
},
{
    "model": "catalog.variation",
    "pk": 23,
    "fields": {
        "product": 5,
        "size": 2,
        "color": 3
    }
},
{
    "model": "catalog.variation",
    "pk": 24,
    "fields": {
        "product": 5,
        "size": 5,
        "color": 1
    }
},
{
    "model": "catalog.variation",
    "pk": 25,
    "fields": {
        "product": 6,
        "size": 6,
        "color": 3
    }
},
{
    "model": "catalog.variation",
    "pk": 26,
    "fields": {
        "product": 6,
        "size": 15,
        "color": 3
    }
},
{
    "model": "catalog.variation",
    "pk": 27,
    "fields": {
        "product": 6,
        "size": 11,
        "color": 10
    }
},
{
    "model": "catalog.variation",
    "pk": 28,
    "fields": {
        "product": 6,
        "size": 7,
        "color": 2
    }
},
{
    "model": "catalog.variation",
    "pk": 29,
    "fields": {
        "product": 6,
        "size": 2,
        "color": 2
    }
},
{
    "model": "catalog.variation",
    "pk": 30,
    "fields": {
        "product": 6,
        "size": 4,
        "color": 4
    }
},
{
    "model": "catalog.variation",
    "pk": 31,
    "fields": {
        "product": 7,
        "size": 8,
        "color": 4
    }
},
{
    "model": "catalog.variation",
    "pk": 32,
    "fields": {
        "product": 7,
        "size": 9,
        "color": 10
    }
},
{
    "model": "catalog.variation",
    "pk": 33,
    "fields": {
        "product": 7,
        "size": 15,
        "color": 4
    }
},
{
    "model": "catalog.variation",
    "pk": 34,
    "fields": {
        "product": 7,
        "size": 1,
        "color": 6
    }
},
{
    "model": "catalog.variation",
    "pk": 35,
    "fields": {
        "product": 7,
        "size": 12,
        "color": 6
    }
},
{
    "model": "catalog.variation",
    "pk": 36,
    "fields": {
        "product": 8,
        "size": 5,
        "color": 9
    }
},
{
    "model": "catalog.variation",
    "pk": 37,
    "fields": {
        "product": 8,
        "size": 10,
        "color": 5
    }
},
{
    "model": "catalog.variation",
    "pk": 38,
    "fields": {
        "product": 8,
        "size": 6,
        "color": 2
    }
},
{
    "model": "catalog.variation",
    "pk": 39,
    "fields": {
        "product": 9,
        "size": 1,
        "color": 8
    }
},
{
    "model": "catalog.variation",
    "pk": 40,
    "fields": {
        "product": 9,
        "size": 5,
        "color": 1
    }
},
{
    "model": "catalog.variation",
    "pk": 41,
    "fields": {
        "product": 9,
        "size": 9,
        "color": 10
    }
},
{
    "model": "catalog.variation",
    "pk": 42,
    "fields": {
        "product": 9,
        "size": 10,
        "color": 4
    }
},
{
    "model": "catalog.variation",
    "pk": 43,
    "fields": {
        "product": 9,
        "size": 4,
        "color": 2
    }
},
{
    "model": "catalog.variation",
    "pk": 44,
    "fields": {
        "product": 9,
        "size": 13,
        "color": 9
    }
},
{
    "model": "catalog.variation",
    "pk": 45,
    "fields": {
        "product": 9,
        "size": 12,
        "color": 9
    }
},
{
    "model": "catalog.variation",
    "pk": 46,
    "fields": {
        "product": 10,
        "size": 5,
        "color": 9
    }
},
{
    "model": "catalog.variation",
    "pk": 47,
    "fields": {
        "product": 10,
        "size": 11,
        "color": 6
    }
},
{
    "model": "catalog.variation",
    "pk": 48,
    "fields": {
        "product": 10,
        "size": 3,
        "color": 10
    }
},
{
    "model": "catalog.variation",
    "pk": 49,
    "fields": {
        "product": 10,
        "size": 2,
        "color": 2
    }
},
{
    "model": "catalog.variation",
    "pk": 50,
    "fields": {
        "product": 11,
        "size": 6,
        "color": 8
    }
},
{
    "model": "catalog.variation",
    "pk": 51,
    "fields": {
        "product": 11,
        "size": 11,
        "color": 2
    }
},
{
    "model": "catalog.variation",
    "pk": 52,
    "fields": {
        "product": 11,
        "size": 8,
        "color": 4
    }
},
{
    "model": "catalog.variation",
    "pk": 53,
    "fields": {
        "product": 11,
        "size": 5,
        "color": 1
    }
},
{
    "model": "catalog.variation",
    "pk": 54,
    "fields": {
        "product": 11,
        "size": 14,
        "color": 8
    }
},
{
    "model": "catalog.variation",
    "pk": 55,
    "fields": {
        "product": 11,
        "size": 10,
        "color": 8
    }
},
{
    "model": "catalog.variation",
    "pk": 56,
    "fields": {
        "product": 12,
        "size": 11,
        "color": 4
    }
},
{
    "model": "catalog.variation",
    "pk": 57,
    "fields": {
        "product": 12,
        "size": 9,
        "color": 2
    }
},
{
    "model": "catalog.variation",
    "pk": 58,
    "fields": {
        "product": 12,
        "size": 7,
        "color": 9
    }
},
{
    "model": "catalog.variation",
    "pk": 59,
    "fields": {
        "product": 12,
        "size": 7,
        "color": 5
    }
},
{
    "model": "catalog.variation",
    "pk": 60,
    "fields": {
        "product": 12,
        "size": 5,
        "color": 8
    }
},
{
    "model": "catalog.variation",
    "pk": 61,
    "fields": {
        "product": 12,
        "size": 6,
        "color": 10
    }
},
{
    "model": "catalog.variation",
    "pk": 62,
    "fields": {
        "product": 13,
        "size": 11,
        "color": 7
    }
},
{
    "model": "catalog.variation",
    "pk": 63,
    "fields": {
        "product": 13,
        "size": 3,
        "color": 8
    }
},
{
    "model": "catalog.variation",
    "pk": 64,
    "fields": {
        "product": 13,
        "size": 15,
        "color": 3
    }
},
{
    "model": "catalog.variation",
    "pk": 65,
    "fields": {
        "product": 13,
        "size": 9,
        "color": 6
    }
},
{
    "model": "catalog.variation",
    "pk": 66,
    "fields": {
        "product": 14,
        "size": 7,
        "color": 4
    }
},
{
    "model": "catalog.variation",
    "pk": 67,
    "fields": {
        "product": 14,
        "size": 10,
        "color": 7
    }
},
{
    "model": "catalog.variation",
    "pk": 68,
    "fields": {
        "product": 14,
        "size": 9,
        "color": 4
    }
},
{
    "model": "catalog.variation",
    "pk": 69,
    "fields": {
        "product": 14,
        "size": 8,
        "color": 4
    }
},
{
    "model": "catalog.variation",
    "pk": 70,
    "fields": {
        "product": 15,
        "size": 4,
        "color": 8
    }
},
{
    "model": "catalog.variation",
    "pk": 71,
    "fields": {
        "product": 15,
        "size": 4,
        "color": 3
    }
},
{
    "model": "catalog.variation",
    "pk": 72,
    "fields": {
        "product": 15,
        "size": 14,
        "color": 5
    }
},
{
    "model": "catalog.variation",
    "pk": 73,
    "fields": {
        "product": 15,
        "size": 15,
        "color": 6
    }
},
{
    "model": "catalog.variation",
    "pk": 74,
    "fields": {
        "product": 15,
        "size": 6,
        "color": 7
    }
},
{
    "model": "catalog.variation",
    "pk": 75,
    "fields": {
        "product": 15,
        "size": 2,
        "color": 9
    }
},
{
    "model": "catalog.variation",
    "pk": 76,
    "fields": {
        "product": 16,
        "size": 3,
        "color": 8
    }
},
{
    "model": "catalog.variation",
    "pk": 77,
    "fields": {
        "product": 16,
        "size": 15,
        "color": 2
    }
},
{
    "model": "catalog.variation",
    "pk": 78,
    "fields": {
        "product": 16,
        "size": 10,
        "color": 1
    }
},
{
    "model": "catalog.variation",
    "pk": 79,
    "fields": {
        "product": 16,
        "size": 9,
        "color": 10
    }
},
{
    "model": "catalog.variation",
    "pk": 80,
    "fields": {
        "product": 16,
        "size": 6,
        "color": 8
    }
},
{
    "model": "catalog.variation",
    "pk": 81,
    "fields": {
        "product": 16,
        "size": 8,
        "color": 5
    }
},
{
    "model": "catalog.variation",
    "pk": 82,
    "fields": {
        "product": 17,
        "size": 1,
        "color": 7
    }
},
{
    "model": "catalog.variation",
    "pk": 83,
    "fields": {
        "product": 17,
        "size": 15,
        "color": 5
    }
},
{
    "model": "catalog.variation",
    "pk": 84,
    "fields": {
        "product": 17,
        "size": 9,
        "color": 9
    }
},
{
    "model": "catalog.variation",
    "pk": 85,
    "fields": {
        "product": 17,
        "size": 13,
        "color": 8
    }
},
{
    "model": "catalog.variation",
    "pk": 86,
    "fields": {
        "product": 17,
        "size": 13,
        "color": 1
    }
},
{
    "model": "catalog.variation",
    "pk": 87,
    "fields": {
        "product": 18,
        "size": 9,
        "color": 5
    }
},
{
    "model": "catalog.variation",
    "pk": 88,
    "fields": {
        "product": 18,
        "size": 15,
        "color": 1
    }
},
{
    "model": "catalog.variation",
    "pk": 89,
    "fields": {
        "product": 18,
        "size": 8,
        "color": 7
    }
},
{
    "model": "catalog.variation",
    "pk": 90,
    "fields": {
        "product": 18,
        "size": 12,
        "color": 2
    }
},
{
    "model": "catalog.variation",
    "pk": 91,
    "fields": {
        "product": 18,
        "size": 7,
        "color": 6
    }
},
{
    "model": "catalog.variation",
    "pk": 92,
    "fields": {
        "product": 18,
        "size": 8,
        "color": 1
    }
},
{
    "model": "catalog.variation",
    "pk": 93,
    "fields": {
        "product": 18,
        "size": 1,
        "color": 5
    }
},
{
    "model": "catalog.variation",
    "pk": 94,
    "fields": {
        "product": 19,
        "size": 12,
        "color": 8
    }
},
{
    "model": "catalog.variation",
    "pk": 95,
    "fields": {
        "product": 19,
        "size": 15,
        "color": 5
    }
},
{
    "model": "catalog.variation",
    "pk": 96,
    "fields": {
        "product": 19,
        "size": 12,
        "color": 10
    }
},
{
    "model": "catalog.variation",
    "pk": 97,
    "fields": {
        "product": 19,
        "size": 4,
        "color": 2
    }
},
{
    "model": "catalog.variation",
    "pk": 98,
    "fields": {
        "product": 19,
        "size": 9,
        "color": 7
    }
},
{
    "model": "catalog.variation",
    "pk": 99,
    "fields": {
        "product": 20,
        "size": 13,
        "color": 7
    }
},
{
    "model": "catalog.variation",
    "pk": 100,
    "fields": {
        "product": 20,
        "size": 2,
        "color": 10
    }
},
{
    "model": "catalog.variation",
    "pk": 101,
    "fields": {
        "product": 20,
        "size": 8,
        "color": 4
    }
},
{
    "model": "catalog.variation",
    "pk": 102,
    "fields": {
        "product": 20,
        "size": 12,
        "color": 8
    }
},
{
    "model": "catalog.variation",
    "pk": 103,
    "fields": {
        "product": 20,
        "size": 14,
        "color": 9
    }
},
{
    "model": "catalog.variation",
    "pk": 104,
    "fields": {
        "product": 20,
        "size": 15,
        "color": 2
    }
},
{
    "model": "catalog.variation",
    "pk": 105,
    "fields": {
        "product": 21,
        "size": 15,
        "color": 1
    }
},
{
    "model": "catalog.variation",
    "pk": 106,
    "fields": {
        "product": 21,
        "size": 6,
        "color": 7
    }
},
{
    "model": "catalog.variation",
    "pk": 107,
    "fields": {
        "product": 21,
        "size": 15,
        "color": 3
    }
},
{
    "model": "catalog.variation",
    "pk": 108,
    "fields": {
        "product": 21,
        "size": 13,
        "color": 5
    }
},
{
    "model": "catalog.variation",
    "pk": 109,
    "fields": {
        "product": 21,
        "size": 7,
        "color": 3
    }
},
{
    "model": "catalog.variation",
    "pk": 110,
    "fields": {
        "product": 22,
        "size": 2,
        "color": 2
    }
},
{
    "model": "catalog.variation",
    "pk": 111,
    "fields": {
        "product": 22,
        "size": 7,
        "color": 10
    }
},
{
    "model": "catalog.variation",
    "pk": 112,
    "fields": {
        "product": 22,
        "size": 6,
        "color": 10
    }
},
{
    "model": "catalog.variation",
    "pk": 113,
    "fields": {
        "product": 22,
        "size": 8,
        "color": 6
    }
},
{
    "model": "catalog.variation",
    "pk": 114,
    "fields": {
        "product": 22,
        "size": 14,
        "color": 7
    }
},
{
    "model": "catalog.variation",
    "pk": 115,
    "fields": {
        "product": 23,
        "size": 8,
        "color": 8
    }
},
{
    "model": "catalog.variation",
    "pk": 116,
    "fields": {
        "product": 23,
        "size": 2,
        "color": 1
    }
},
{
    "model": "catalog.variation",
    "pk": 117,
    "fields": {
        "product": 23,
        "size": 9,
        "color": 7
    }
},
{
    "model": "catalog.variation",
    "pk": 118,
    "fields": {
        "product": 23,
        "size": 13,
        "color": 5
    }
},
{
    "model": "catalog.variation",
    "pk": 119,
    "fields": {
        "product": 23,
        "size": 1,
        "color": 9
    }
},
{
    "model": "catalog.variation",
    "pk": 120,
    "fields": {
        "product": 24,
        "size": 13,
        "color": 3
    }
},
{
    "model": "catalog.variation",
    "pk": 121,
    "fields": {
        "product": 24,
        "size": 11,
        "color": 7
    }
},
{
    "model": "catalog.variation",
    "pk": 122,
    "fields": {
        "product": 24,
        "size": 13,
        "color": 1
    }
},
{
    "model": "catalog.variation",
    "pk": 123,
    "fields": {
        "product": 24,
        "size": 7,
        "color": 7
    }
},
{
    "model": "catalog.variation",
    "pk": 124,
    "fields": {
        "product": 24,
        "size": 10,
        "color": 6
    }
},
{
    "model": "catalog.variation",
    "pk": 125,
    "fields": {
        "product": 24,
        "size": 12,
        "color": 4
    }
},
{
    "model": "catalog.variation",
    "pk": 126,
    "fields": {
        "product": 24,
        "size": 15,
        "color": 3
    }
},
{
    "model": "catalog.variation",
    "pk": 127,
    "fields": {
        "product": 25,
        "size": 5,
        "color": 9
    }
},
{
    "model": "catalog.variation",
    "pk": 128,
    "fields": {
        "product": 25,
        "size": 7,
        "color": 1
    }
},
{
    "model": "catalog.variation",
    "pk": 129,
    "fields": {
        "product": 25,
        "size": 11,
        "color": 7
    }
},
{
    "model": "catalog.variation",
    "pk": 130,
    "fields": {
        "product": 25,
        "size": 5,
        "color": 7
    }
},
{
    "model": "catalog.variation",
    "pk": 131,
    "fields": {
        "product": 25,
        "size": 12,
        "color": 4
    }
},
{
    "model": "catalog.variation",
    "pk": 132,
    "fields": {
        "product": 25,
        "size": 6,
        "color": 3
    }
},
{
    "model": "catalog.variation",
    "pk": 133,
    "fields": {
        "product": 26,
        "size": 7,
        "color": 2
    }
},
{
    "model": "catalog.variation",
    "pk": 134,
    "fields": {
        "product": 26,
        "size": 11,
        "color": 3
    }
},
{
    "model": "catalog.variation",
    "pk": 135,
    "fields": {
        "product": 26,
        "size": 3,
        "color": 1
    }
},
{
    "model": "catalog.variation",
    "pk": 136,
    "fields": {
        "product": 26,
        "size": 10,
        "color": 10
    }
},
{
    "model": "catalog.variation",
    "pk": 137,
    "fields": {
        "product": 26,
        "size": 11,
        "color": 9
    }
},
{
    "model": "catalog.variation",
    "pk": 138,
    "fields": {
        "product": 26,
        "size": 2,
        "color": 4
    }
},
{
    "model": "catalog.variation",
    "pk": 139,
    "fields": {
        "product": 26,
        "size": 10,
        "color": 10
    }
},
{
    "model": "catalog.variation",
    "pk": 140,
    "fields": {
        "product": 27,
        "size": 8,
        "color": 9
    }
},
{
    "model": "catalog.variation",
    "pk": 141,
    "fields": {
        "product": 27,
        "size": 11,
        "color": 7
    }
},
{
    "model": "catalog.variation",
    "pk": 142,
    "fields": {
        "product": 27,
        "size": 8,
        "color": 5
    }
},
{
    "model": "catalog.variation",
    "pk": 143,
    "fields": {
        "product": 27,
        "size": 3,
        "color": 4
    }
},
{
    "model": "catalog.variation",
    "pk": 144,
    "fields": {
        "product": 28,
        "size": 14,
        "color": 3
    }
},
{
    "model": "catalog.variation",
    "pk": 145,
    "fields": {
        "product": 28,
        "size": 4,
        "color": 5
    }
},
{
    "model": "catalog.variation",
    "pk": 146,
    "fields": {
        "product": 28,
        "size": 15,
        "color": 4
    }
},
{
    "model": "catalog.variation",
    "pk": 147,
    "fields": {
        "product": 29,
        "size": 1,
        "color": 7
    }
},
{
    "model": "catalog.variation",
    "pk": 148,
    "fields": {
        "product": 29,
        "size": 9,
        "color": 1
    }
},
{
    "model": "catalog.variation",
    "pk": 149,
    "fields": {
        "product": 29,
        "size": 3,
        "color": 2
    }
},
{
    "model": "catalog.variation",
    "pk": 150,
    "fields": {
        "product": 29,
        "size": 14,
        "color": 10
    }
},
{
    "model": "catalog.variation",
    "pk": 151,
    "fields": {
        "product": 30,
        "size": 9,
        "color": 9
    }
},
{
    "model": "catalog.variation",
    "pk": 152,
    "fields": {
        "product": 30,
        "size": 2,
        "color": 9
    }
},
{
    "model": "catalog.variation",
    "pk": 153,
    "fields": {
        "product": 30,
        "size": 2,
        "color": 8
    }
},
{
    "model": "catalog.variation",
    "pk": 154,
    "fields": {
        "product": 30,
        "size": 2,
        "color": 9
    }
},
{
    "model": "catalog.variation",
    "pk": 155,
    "fields": {
        "product": 30,
        "size": 15,
        "color": 8
    }
},
{
    "model": "catalog.variation",
    "pk": 156,
    "fields": {
        "product": 30,
        "size": 8,
        "color": 3
    }
}
]
